{"cameraMode":{"drawMode":0,"name":"Shaded","section":"Shading Mode"},"sceneLighting":false,"audioPlay":false,"sceneViewState":{"showFog":true,"showMaterialUpdate":false,"showSkybox":false,"showFlares":true,"showImageEffects":true,"showParticleSystems":true},"in2DMode":false,"pivot":{"x":789.775146484375,"y":275.5562438964844,"z":-0.30901336669921877},"rotation":{"x":-0.007809910457581282,"y":-0.013849052600562573,"z":0.00006528832454932854,"w":-0.9998902678489685},"size":120.93830871582031,"orthographic":false}