{"cameraMode":{"drawMode":0,"name":"Shaded","section":"Shading Mode"},"sceneLighting":true,"audioPlay":false,"sceneViewState":{"showFog":true,"showMaterialUpdate":false,"showSkybox":true,"showFlares":true,"showImageEffects":true,"showParticleSystems":true},"in2DMode":false,"pivot":{"x":-8.940696716308594e-8,"y":46.85499954223633,"z":1.1920928955078126e-7},"rotation":{"x":0.0137898875400424,"y":-0.9854623675346375,"z":0.13718031346797944,"w":0.0994340106844902},"size":3.884216785430908,"orthographic":false}