{"cameraMode":{"drawMode":0,"name":"Shaded","section":"Shading Mode"},"sceneLighting":true,"audioPlay":false,"sceneViewState":{"showFog":true,"showMaterialUpdate":false,"showSkybox":true,"showFlares":true,"showImageEffects":true,"showParticleSystems":true},"in2DMode":false,"pivot":{"x":674.4921875,"y":140.31228637695313,"z":5.361907958984375},"rotation":{"x":0.00031021854374557734,"y":0.10574793815612793,"z":-0.000014106330127106048,"w":0.9944142699241638},"size":291.5173034667969,"orthographic":false}