{"cameraMode":{"drawMode":0,"name":"Shaded","section":"Shading Mode"},"sceneLighting":true,"audioPlay":false,"sceneViewState":{"showFog":true,"showMaterialUpdate":false,"showSkybox":true,"showFlares":true,"showImageEffects":true,"showParticleSystems":true},"in2DMode":false,"pivot":{"x":-0.9898190498352051,"y":47.205078125,"z":0.10037922859191895},"rotation":{"x":0.0137898875400424,"y":-0.9854623675346375,"z":0.13718031346797944,"w":0.0994340106844902},"size":3.584216833114624,"orthographic":false}