{"cameraMode":{"drawMode":0,"name":"Shaded","section":"Shading Mode"},"sceneLighting":true,"audioPlay":false,"sceneViewState":{"showFog":true,"showMaterialUpdate":false,"showSkybox":true,"showFlares":true,"showImageEffects":true,"showParticleSystems":true},"in2DMode":false,"pivot":{"x":782.3741455078125,"y":289.3146057128906,"z":199.2103271484375},"rotation":{"x":0.0063095856457948689,"y":0.014443380758166314,"z":-0.00007470079435734078,"w":0.999894917011261},"size":1538.5911865234375,"orthographic":false}