{"cameraMode":{"drawMode":0,"name":"Shaded","section":"Shading Mode"},"sceneLighting":false,"audioPlay":false,"sceneViewState":{"showFog":true,"showMaterialUpdate":false,"showSkybox":false,"showFlares":true,"showImageEffects":true,"showParticleSystems":true},"in2DMode":false,"pivot":{"x":7.538914680480957,"y":0.5552147626876831,"z":13.867107391357422},"rotation":{"x":-0.01018852274864912,"y":0.013255034573376179,"z":0.00017926124564837664,"w":0.999876081943512},"size":77.78321075439453,"orthographic":false}