{"cameraMode":{"drawMode":0,"name":"Shaded","section":"Shading Mode"},"sceneLighting":true,"audioPlay":false,"sceneViewState":{"showFog":true,"showMaterialUpdate":false,"showSkybox":true,"showFlares":true,"showImageEffects":true,"showParticleSystems":true},"in2DMode":false,"pivot":{"x":52.106529235839847,"y":-9.265527725219727,"z":6.730595588684082},"rotation":{"x":0.12708674371242524,"y":0.6885296702384949,"z":-0.12443236261606217,"w":0.7030745148658752},"size":54.110103607177737,"orthographic":false}