{"cameraMode":{"drawMode":0,"name":"Shaded","section":"Shading Mode"},"sceneLighting":true,"audioPlay":false,"sceneViewState":{"showFog":true,"showMaterialUpdate":false,"showSkybox":true,"showFlares":true,"showImageEffects":true,"showParticleSystems":true},"in2DMode":false,"pivot":{"x":2.607546806335449,"y":0.7643327713012695,"z":1.8205146789550782},"rotation":{"x":0.27491113543510439,"y":0.5405011773109436,"z":-0.19259943068027497,"w":0.7714871168136597},"size":6.380900859832764,"orthographic":false}