{"cameraMode":{"drawMode":0,"name":"Shaded","section":"Shading Mode"},"sceneLighting":false,"audioPlay":false,"sceneViewState":{"showFog":true,"showMaterialUpdate":false,"showSkybox":false,"showFlares":true,"showImageEffects":true,"showParticleSystems":true},"in2DMode":false,"pivot":{"x":9.455440521240235,"y":-1.0030770301818848,"z":13.776985168457032},"rotation":{"x":0.03329595550894737,"y":0.023742763325572015,"z":-0.0007478810148313642,"w":0.9991780519485474},"size":89.30499267578125,"orthographic":false}