{"cameraMode":{"drawMode":0,"name":"Shaded","section":"Shading Mode"},"sceneLighting":true,"audioPlay":false,"sceneViewState":{"showFog":true,"showMaterialUpdate":false,"showSkybox":true,"showFlares":true,"showImageEffects":true,"showParticleSystems":true},"in2DMode":false,"pivot":{"x":11.893952369689942,"y":59.29207229614258,"z":1.6401946544647217},"rotation":{"x":-0.10789332538843155,"y":-0.775140643119812,"z":0.13766634464263917,"w":-0.6071208715438843},"size":12.620631217956543,"orthographic":false}